Time,Acceleration,Velocity,Height
0,-9.81,0,250
0.01,-9.81,-9.81,250
0.02,-9.65963,-9.9081,249.902
0.03,-9.65661,-9.75871,249.803
0.04,-9.6612,-9.7542,249.705
0.05,-9.66134,-9.75874,249.608
0.06,-9.6612,-9.75892,249.51
0.07,-9.66119,-9.75879,249.413
0.08,-9.6612,-9.75878,249.315
0.09,-9.6612,-9.75878,249.217
0.1,-9.6612,-9.75879,249.12
0.11,-9.6612,-9.75878,249.022
0.12,-9.6612,-9.75878,248.925
0.13,-9.6612,-9.75878,248.827
0.14,-9.6612,-9.75878,248.729
0.15,-9.6612,-9.75878,248.632
0.16,-9.6612,-9.75878,248.534
0.17,-9.6612,-9.75878,248.437
0.18,-9.6612,-9.75878,248.339
0.19,-9.6612,-9.75878,248.241
0.2,-9.6612,-9.75878,248.144
0.21,-9.6612,-9.75878,248.046
0.22,-9.6612,-9.75878,247.949
0.23,-9.6612,-9.75878,247.851
0.24,-9.6612,-9.75878,247.754
0.25,-9.6612,-9.75878,247.656
0.26,-9.6612,-9.75878,247.558
0.27,-9.6612,-9.75878,247.461
0.28,-9.6612,-9.75878,247.363
0.29,-9.6612,-9.75878,247.266
0.3,-9.6612,-9.75878,247.168
0.31,-9.6612,-9.75878,247.07
0.32,-9.6612,-9.75878,246.973
0.33,-9.6612,-9.75878,246.875
0.34,-9.6612,-9.75878,246.778
0.35,-9.6612,-9.75878,246.68
0.36,-9.6612,-9.75878,246.582
0.37,-9.6612,-9.75878,246.485
0.38,-9.6612,-9.75878,246.387
0.39,-9.6612,-9.75878,246.29
0.4,-9.6612,-9.75878,246.192
0.41,-9.6612,-9.75878,246.095
0.42,-9.6612,-9.75878,245.997
0.43,-9.6612,-9.75878,245.899
0.44,-9.6612,-9.75878,245.802
0.45,-9.6612,-9.75878,245.704
0.46,-9.6612,-9.75878,245.607
0.47,-9.6612,-9.75878,245.509
0.48,-9.6612,-9.75878,245.411
0.49,-9.6612,-9.75878,245.314
0.5,-9.6612,-9.75878,245.216
0.51,-9.6612,-9.75878,245.119
0.52,-9.6612,-9.75878,245.021
0.53,-9.6612,-9.75878,244.923
0.54,-9.6612,-9.75878,244.826
0.55,-9.6612,-9.75878,244.728
0.56,-9.6612,-9.75878,244.631
0.57,-9.6612,-9.75878,244.533
0.58,-9.6612,-9.75878,244.436
0.59,-9.6612,-9.75878,244.338
0.6,-9.6612,-9.75878,244.24
0.61,-9.6612,-9.75878,244.143
0.62,-9.6612,-9.75878,244.045
0.63,-9.6612,-9.75878,243.948
0.64,-9.6612,-9.75878,243.85
0.65,-9.6612,-9.75878,243.752
0.66,-9.6612,-9.75878,243.655
0.67,-9.6612,-9.75878,243.557
0.68,-9.6612,-9.75878,243.46
0.69,-9.6612,-9.75878,243.362
0.7,-9.6612,-9.75878,243.264
0.71,-9.6612,-9.75878,243.167
0.72,-9.6612,-9.75878,243.069
0.73,-9.6612,-9.75878,242.972
0.74,-9.6612,-9.75878,242.874
0.75,-9.6612,-9.75878,242.777
0.76,-9.6612,-9.75878,242.679
0.77,-9.6612,-9.75878,242.581
0.78,-9.6612,-9.75878,242.484
0.79,-9.6612,-9.75878,242.386
0.8,-9.6612,-9.75878,242.289
0.81,-9.6612,-9.75878,242.191
0.82,-9.6612,-9.75878,242.093
0.83,-9.6612,-9.75878,241.996
0.84,-9.6612,-9.75878,241.898
0.85,-9.6612,-9.75878,241.801
0.86,-9.6612,-9.75878,241.703
0.87,-9.6612,-9.75878,241.605
0.88,-9.6612,-9.75878,241.508
0.89,-9.6612,-9.75878,241.41
0.9,-9.6612,-9.75878,241.313
0.91,-9.6612,-9.75878,241.215
0.92,-9.6612,-9.75878,241.118
0.93,-9.6612,-9.75878,241.02
0.94,-9.6612,-9.75878,240.922
0.95,-9.6612,-9.75878,240.825
0.96,-9.6612,-9.75878,240.727
0.97,-9.6612,-9.75878,240.63
0.98,-9.6612,-9.75878,240.532
0.99,-9.6612,-9.75878,240.434
1,-9.6612,-9.75878,240.337
1.01,-9.6612,-9.75878,240.239
1.02,-9.6612,-9.75878,240.142
1.03,-9.6612,-9.75878,240.044
1.04,-9.6612,-9.75878,239.946
1.05,-9.6612,-9.75878,239.849
1.06,-9.6612,-9.75878,239.751
1.07,-9.6612,-9.75878,239.654
1.08,-9.6612,-9.75878,239.556
1.09,-9.6612,-9.75878,239.459
1.1,-9.6612,-9.75878,239.361
1.11,-9.6612,-9.75878,239.263
1.12,-9.6612,-9.75878,239.166
1.13,-9.6612,-9.75878,239.068
1.14,-9.6612,-9.75878,238.971
1.15,-9.6612,-9.75878,238.873
1.16,-9.6612,-9.75878,238.775
1.17,-9.6612,-9.75878,238.678
1.18,-9.6612,-9.75878,238.58
1.19,-9.6612,-9.75878,238.483
1.2,-9.6612,-9.75878,238.385
1.21,-9.6612,-9.75878,238.287
1.22,-9.6612,-9.75878,238.19
1.23,-9.6612,-9.75878,238.092
1.24,-9.6612,-9.75878,237.995
1.25,-9.6612,-9.75878,237.897
1.26,-9.6612,-9.75878,237.8
1.27,-9.6612,-9.75878,237.702
1.28,-9.6612,-9.75878,237.604
1.29,-9.6612,-9.75878,237.507
1.3,-9.6612,-9.75878,237.409
1.31,-9.6612,-9.75878,237.312
1.32,-9.6612,-9.75878,237.214
1.33,-9.6612,-9.75878,237.116
1.34,-9.6612,-9.75878,237.019
1.35,-9.6612,-9.75878,236.921
1.36,-9.6612,-9.75878,236.824
1.37,-9.6612,-9.75878,236.726
1.38,-9.6612,-9.75878,236.629
1.39,-9.6612,-9.75878,236.531
1.4,-9.6612,-9.75878,236.433
1.41,-9.6612,-9.75878,236.336
1.42,-9.6612,-9.75878,236.238
1.43,-9.6612,-9.75878,236.141
1.44,-9.6612,-9.75878,236.043
1.45,-9.6612,-9.75878,235.945
1.46,-9.6612,-9.75878,235.848
1.47,-9.6612,-9.75878,235.75
1.48,-9.6612,-9.75878,235.653
1.49,-9.6612,-9.75878,235.555
1.5,-9.6612,-9.75878,235.457
1.51,-9.6612,-9.75878,235.36
1.52,-9.6612,-9.75878,235.262
1.53,-9.6612,-9.75878,235.165
1.54,-9.6612,-9.75878,235.067
1.55,-9.6612,-9.75878,234.97
1.56,-9.6612,-9.75878,234.872
1.57,-9.6612,-9.75878,234.774
1.58,-9.6612,-9.75878,234.677
1.59,-9.6612,-9.75878,234.579
1.6,-9.6612,-9.75878,234.482
1.61,-9.6612,-9.75878,234.384
1.62,-9.6612,-9.75878,234.286
1.63,-9.6612,-9.75878,234.189
1.64,-9.6612,-9.75878,234.091
1.65,-9.6612,-9.75878,233.994
1.66,-9.6612,-9.75878,233.896
1.67,-9.6612,-9.75878,233.798
1.68,-9.6612,-9.75878,233.701
1.69,-9.6612,-9.75878,233.603
1.7,-9.6612,-9.75878,233.506
1.71,-9.6612,-9.75878,233.408
1.72,-9.6612,-9.75878,233.311
1.73,-9.6612,-9.75878,233.213
1.74,-9.6612,-9.75878,233.115
1.75,-9.6612,-9.75878,233.018
1.76,-9.6612,-9.75878,232.92
1.77,-9.6612,-9.75878,232.823
1.78,-9.6612,-9.75878,232.725
1.79,-9.6612,-9.75878,232.627
1.8,-9.6612,-9.75878,232.53
1.81,-9.6612,-9.75878,232.432
1.82,-9.6612,-9.75878,232.335
1.83,-9.6612,-9.75878,232.237
1.84,-9.6612,-9.75878,232.139
1.85,-9.6612,-9.75878,232.042
1.86,-9.6612,-9.75878,231.944
1.87,-9.6612,-9.75878,231.847
1.88,-9.6612,-9.75878,231.749
1.89,-9.6612,-9.75878,231.652
1.9,-9.6612,-9.75878,231.554
1.91,-9.6612,-9.75878,231.456
1.92,-9.6612,-9.75878,231.359
1.93,-9.6612,-9.75878,231.261
1.94,-9.6612,-9.75878,231.164
1.95,-9.6612,-9.75878,231.066
1.96,-9.6612,-9.75878,230.968
1.97,-9.6612,-9.75878,230.871
1.98,-9.6612,-9.75878,230.773
1.99,-9.6612,-9.75878,230.676
2,-9.6612,-9.75878,230.578
2.01,-9.6612,-9.75878,230.48
2.02,-9.6612,-9.75878,230.383
2.03,-9.6612,-9.75878,230.285
2.04,-9.6612,-9.75878,230.188
2.05,-9.6612,-9.75878,230.09
2.06,-9.6612,-9.75878,229.993
2.07,-9.6612,-9.75878,229.895
2.08,-9.6612,-9.75878,229.797
2.09,-9.6612,-9.75878,229.7
2.1,-9.6612,-9.75878,229.602
2.11,-9.6612,-9.75878,229.505
2.12,-9.6612,-9.75878,229.407
2.13,-9.6612,-9.75878,229.309
2.14,-9.6612,-9.75878,229.212
2.15,-9.6612,-9.75878,229.114
2.16,-9.6612,-9.75878,229.017
2.17,-9.6612,-9.75878,228.919
2.18,-9.6612,-9.75878,228.821
2.19,-9.6612,-9.75878,228.724
2.2,-9.6612,-9.75878,228.626
2.21,-9.6612,-9.75878,228.529
2.22,-9.6612,-9.75878,228.431
2.23,-9.6612,-9.75878,228.334
2.24,-9.6612,-9.75878,228.236
2.25,-9.6612,-9.75878,228.138
2.26,-9.6612,-9.75878,228.041
2.27,-9.6612,-9.75878,227.943
2.28,-9.6612,-9.75878,227.846
2.29,-9.6612,-9.75878,227.748
2.3,-9.6612,-9.75878,227.65
2.31,-9.6612,-9.75878,227.553
2.32,-9.6612,-9.75878,227.455
2.33,-9.6612,-9.75878,227.358
2.34,-9.6612,-9.75878,227.26
2.35,-9.6612,-9.75878,227.162
2.36,-9.6612,-9.75878,227.065
2.37,-9.6612,-9.75878,226.967
2.38,-9.6612,-9.75878,226.87
2.39,-9.6612,-9.75878,226.772
2.4,-9.6612,-9.75878,226.675
2.41,-9.6612,-9.75878,226.577
2.42,-9.6612,-9.75878,226.479
2.43,-9.6612,-9.75878,226.382
2.44,-9.6612,-9.75878,226.284
2.45,-9.6612,-9.75878,226.187
2.46,-9.6612,-9.75878,226.089
2.47,-9.6612,-9.75878,225.991
2.48,-9.6612,-9.75878,225.894
2.49,-9.6612,-9.75878,225.796
2.5,-9.6612,-9.75878,225.699
2.51,-9.6612,-9.75878,225.601
2.52,-9.6612,-9.75878,225.503
2.53,-9.6612,-9.75878,225.406
2.54,-9.6612,-9.75878,225.308
2.55,-9.6612,-9.75878,225.211
2.56,-9.6612,-9.75878,225.113
2.57,-9.6612,-9.75878,225.016
2.58,-9.6612,-9.75878,224.918
2.59,-9.6612,-9.75878,224.82
2.6,-9.6612,-9.75878,224.723
2.61,-9.6612,-9.75878,224.625
2.62,-9.6612,-9.75878,224.528
2.63,-9.6612,-9.75878,224.43
2.64,-9.6612,-9.75878,224.332
2.65,-9.6612,-9.75878,224.235
2.66,-9.6612,-9.75878,224.137
2.67,-9.6612,-9.75878,224.04
2.68,-9.6612,-9.75878,223.942
2.69,-9.6612,-9.75878,223.844
2.7,-9.6612,-9.75878,223.747
2.71,-9.6612,-9.75878,223.649
2.72,-9.6612,-9.75878,223.552
2.73,-9.6612,-9.75878,223.454
2.74,-9.6612,-9.75878,223.357
2.75,-9.6612,-9.75878,223.259
2.76,-9.6612,-9.75878,223.161
2.77,-9.6612,-9.75878,223.064
2.78,-9.6612,-9.75878,222.966
2.79,-9.6612,-9.75878,222.869
2.8,-9.6612,-9.75878,222.771
2.81,-9.6612,-9.75878,222.673
2.82,-9.6612,-9.75878,222.576
2.83,-9.6612,-9.75878,222.478
2.84,-9.6612,-9.75878,222.381
2.85,-9.6612,-9.75878,222.283
2.86,-9.6612,-9.75878,222.186
2.87,-9.6612,-9.75878,222.088
2.88,-9.6612,-9.75878,221.99
2.89,-9.6612,-9.75878,221.893
2.9,-9.6612,-9.75878,221.795
2.91,-9.6612,-9.75878,221.698
2.92,-9.6612,-9.75878,221.6
2.93,-9.6612,-9.75878,221.502
2.94,-9.6612,-9.75878,221.405
2.95,-9.6612,-9.75878,221.307
2.96,-9.6612,-9.75878,221.21
2.97,-9.6612,-9.75878,221.112
2.98,-9.6612,-9.75878,221.014
2.99,-9.6612,-9.75878,220.917
3,-9.6612,-9.75878,220.819
3.01,-9.6612,-9.75878,220.722
3.02,-9.6612,-9.75878,220.624
3.03,-9.6612,-9.75878,220.527
3.04,-9.6612,-9.75878,220.429
3.05,-9.6612,-9.75878,220.331
3.06,-9.6612,-9.75878,220.234
3.07,-9.6612,-9.75878,220.136
3.08,-9.6612,-9.75878,220.039
3.09,-9.6612,-9.75878,219.941
3.1,-9.6612,-9.75878,219.843
3.11,-9.6612,-9.75878,219.746
3.12,-9.6612,-9.75878,219.648
3.13,-9.6612,-9.75878,219.551
3.14,-9.6612,-9.75878,219.453
3.15,-9.6612,-9.75878,219.355
3.16,-9.6612,-9.75878,219.258
3.17,-9.6612,-9.75878,219.16
3.18,-9.6612,-9.75878,219.063
3.19,-9.6612,-9.75878,218.965
3.2,-9.6612,-9.75878,218.868
3.21,-9.6612,-9.75878,218.77
3.22,-9.6612,-9.75878,218.672
3.23,-9.6612,-9.75878,218.575
3.24,-9.6612,-9.75878,218.477
3.25,-9.6612,-9.75878,218.38
3.26,-9.6612,-9.75878,218.282
3.27,-9.6612,-9.75878,218.184
3.28,-9.6612,-9.75878,218.087
3.29,-9.6612,-9.75878,217.989
3.3,-9.6612,-9.75878,217.892
3.31,-9.6612,-9.75878,217.794
3.32,-9.6612,-9.75878,217.696
3.33,-9.6612,-9.75878,217.599
3.34,-9.6612,-9.75878,217.501
3.35,-9.6612,-9.75878,217.404
3.36,-9.6612,-9.75878,217.306
3.37,-9.6612,-9.75878,217.209
3.38,-9.6612,-9.75878,217.111
3.39,-9.6612,-9.75878,217.013
3.4,-9.6612,-9.75878,216.916
3.41,-9.6612,-9.75878,216.818
3.42,-9.6612,-9.75878,216.721
3.43,-9.6612,-9.75878,216.623
3.44,-9.6612,-9.75878,216.525
3.45,-9.6612,-9.75878,216.428
3.46,-9.6612,-9.75878,216.33
3.47,-9.6612,-9.75878,216.233
3.48,-9.6612,-9.75878,216.135
3.49,-9.6612,-9.75878,216.037
3.5,-9.6612,-9.75878,215.94
3.51,-9.6612,-9.75878,215.842
3.52,-9.6612,-9.75878,215.745
3.53,-9.6612,-9.75878,215.647
3.54,-9.6612,-9.75878,215.55
3.55,-9.6612,-9.75878,215.452
3.56,-9.6612,-9.75878,215.354
3.57,-9.6612,-9.75878,215.257
3.58,-9.6612,-9.75878,215.159
3.59,-9.6612,-9.75878,215.062
3.6,-9.6612,-9.75878,214.964
3.61,-9.6612,-9.75878,214.866
3.62,-9.6612,-9.75878,214.769
3.63,-9.6612,-9.75878,214.671
3.64,-9.6612,-9.75878,214.574
3.65,-9.6612,-9.75878,214.476
3.66,-9.6612,-9.75878,214.378
3.67,-9.6612,-9.75878,214.281
3.68,-9.6612,-9.75878,214.183
3.69,-9.6612,-9.75878,214.086
3.7,-9.6612,-9.75878,213.988
3.71,-9.6612,-9.75878,213.891
3.72,-9.6612,-9.75878,213.793
3.73,-9.6612,-9.75878,213.695
3.74,-9.6612,-9.75878,213.598
3.75,-9.6612,-9.75878,213.5
3.76,-9.6612,-9.75878,213.403
3.77,-9.6612,-9.75878,213.305
3.78,-9.6612,-9.75878,213.207
3.79,-9.6612,-9.75878,213.11
3.8,-9.6612,-9.75878,213.012
3.81,-9.6612,-9.75878,212.915
3.82,-9.6612,-9.75878,212.817
3.83,-9.6612,-9.75878,212.719
3.84,-9.6612,-9.75878,212.622
3.85,-9.6612,-9.75878,212.524
3.86,-9.6612,-9.75878,212.427
3.87,-9.6612,-9.75878,212.329
3.88,-9.6612,-9.75878,212.232
3.89,-9.6612,-9.75878,212.134
3.9,-9.6612,-9.75878,212.036
3.91,-9.6612,-9.75878,211.939
3.92,-9.6612,-9.75878,211.841
3.93,-9.6612,-9.75878,211.744
3.94,-9.6612,-9.75878,211.646
3.95,-9.6612,-9.75878,211.548
3.96,-9.6612,-9.75878,211.451
3.97,-9.6612,-9.75878,211.353
3.98,-9.6612,-9.75878,211.256
3.99,-9.6612,-9.75878,211.158
4,-9.6612,-9.75878,211.06
4.01,-9.6612,-9.75878,210.963
4.02,-9.6612,-9.75878,210.865
4.03,-9.6612,-9.75878,210.768
4.04,-9.6612,-9.75878,210.67
4.05,-9.6612,-9.75878,210.573
4.06,-9.6612,-9.75878,210.475
4.07,-9.6612,-9.75878,210.377
4.08,-9.6612,-9.75878,210.28
4.09,-9.6612,-9.75878,210.182
4.1,-9.6612,-9.75878,210.085
4.11,-9.6612,-9.75878,209.987
4.12,-9.6612,-9.75878,209.889
4.13,-9.6612,-9.75878,209.792
4.14,-9.6612,-9.75878,209.694
4.15,-9.6612,-9.75878,209.597
4.16,-9.6612,-9.75878,209.499
4.17,-9.6612,-9.75878,209.401
4.18,-9.6612,-9.75878,209.304
4.19,-9.6612,-9.75878,209.206
4.2,-9.6612,-9.75878,209.109
4.21,-9.6612,-9.75878,209.011
4.22,-9.6612,-9.75878,208.914
4.23,-9.6612,-9.75878,208.816
4.24,-9.6612,-9.75878,208.718
4.25,-9.6612,-9.75878,208.621
4.26,-9.6612,-9.75878,208.523
4.27,-9.6612,-9.75878,208.426
4.28,-9.6612,-9.75878,208.328
4.29,-9.6612,-9.75878,208.23
4.3,-9.6612,-9.75878,208.133
4.31,-9.6612,-9.75878,208.035
4.32,-9.6612,-9.75878,207.938
4.33,-9.6612,-9.75878,207.84
4.34,-9.6612,-9.75878,207.743
4.35,-9.6612,-9.75878,207.645
4.36,-9.6612,-9.75878,207.547
4.37,-9.6612,-9.75878,207.45
4.38,-9.6612,-9.75878,207.352
4.39,-9.6612,-9.75878,207.255
4.4,-9.6612,-9.75878,207.157
4.41,-9.6612,-9.75878,207.059
4.42,-9.6612,-9.75878,206.962
4.43,-9.6612,-9.75878,206.864
4.44,-9.6612,-9.75878,206.767
4.45,-9.6612,-9.75878,206.669
4.46,-9.6612,-9.75878,206.571
4.47,-9.6612,-9.75878,206.474
4.48,-9.6612,-9.75878,206.376
4.49,-9.6612,-9.75878,206.279
4.5,-9.6612,-9.75878,206.181
4.51,-9.6612,-9.75878,206.084
4.52,-9.6612,-9.75878,205.986
4.53,-9.6612,-9.75878,205.888
4.54,-9.6612,-9.75878,205.791
4.55,-9.6612,-9.75878,205.693
4.56,-9.6612,-9.75878,205.596
4.57,-9.6612,-9.75878,205.498
4.58,-9.6612,-9.75878,205.4
4.59,-9.6612,-9.75878,205.303
4.6,-9.6612,-9.75878,205.205
4.61,-9.6612,-9.75878,205.108
4.62,-9.6612,-9.75878,205.01
4.63,-9.6612,-9.75878,204.912
4.64,-9.6612,-9.75878,204.815
4.65,-9.6612,-9.75878,204.717
4.66,-9.6612,-9.75878,204.62
4.67,-9.6612,-9.75878,204.522
4.68,-9.6612,-9.75878,204.425
4.69,-9.6612,-9.75878,204.327
4.7,-9.6612,-9.75878,204.229
4.71,-9.6612,-9.75878,204.132
4.72,-9.6612,-9.75878,204.034
4.73,-9.6612,-9.75878,203.937
4.74,-9.6612,-9.75878,203.839
4.75,-9.6612,-9.75878,203.741
4.76,-9.6612,-9.75878,203.644
4.77,-9.6612,-9.75878,203.546
4.78,-9.6612,-9.75878,203.449
4.79,-9.6612,-9.75878,203.351
4.8,-9.6612,-9.75878,203.253
4.81,-9.6612,-9.75878,203.156
4.82,-9.6612,-9.75878,203.058
4.83,-9.6612,-9.75878,202.961
4.84,-9.6612,-9.75878,202.863
4.85,-9.6612,-9.75878,202.766
4.86,-9.6612,-9.75878,202.668
4.87,-9.6612,-9.75878,202.57
4.88,-9.6612,-9.75878,202.473
4.89,-9.6612,-9.75878,202.375
4.9,-9.6612,-9.75878,202.278
4.91,-9.6612,-9.75878,202.18
4.92,-9.6612,-9.75878,202.082
4.93,-9.6612,-9.75878,201.985
4.94,-9.6612,-9.75878,201.887
4.95,-9.6612,-9.75878,201.79
4.96,-9.6612,-9.75878,201.692
4.97,-9.6612,-9.75878,201.594
4.98,-9.6612,-9.75878,201.497
4.99,-9.6612,-9.75878,201.399
5,-9.6612,-9.75878,201.302
5.01,-9.6612,-9.75878,201.204
5.02,-9.6612,-9.75878,201.107
5.03,-9.6612,-9.75878,201.009
5.04,-9.6612,-9.75878,200.911
5.05,-9.6612,-9.75878,200.814
5.06,-9.6612,-9.75878,200.716
5.07,-9.6612,-9.75878,200.619
5.08,-9.6612,-9.75878,200.521
5.09,-9.6612,-9.75878,200.423
5.1,-9.6612,-9.75878,200.326
5.11,-9.6612,-9.75878,200.228
5.12,-9.6612,-9.75878,200.131
5.13,-9.6612,-9.75878,200.033
5.14,-9.6612,-9.75878,199.935
5.15,-9.6612,-9.75878,199.838
5.16,-9.6612,-9.75878,199.74
5.17,-9.6612,-9.75878,199.643
5.18,-9.6612,-9.75878,199.545
5.19,-9.6612,-9.75878,199.448
5.2,-9.6612,-9.75878,199.35
5.21,-9.6612,-9.75878,199.252
5.22,-9.6612,-9.75878,199.155
5.23,-9.6612,-9.75878,199.057
5.24,-9.6612,-9.75878,198.96
5.25,-9.6612,-9.75878,198.862
5.26,-9.6612,-9.75878,198.764
5.27,-9.6612,-9.75878,198.667
5.28,-9.6612,-9.75878,198.569
5.29,-9.6612,-9.75878,198.472
5.3,-9.6612,-9.75878,198.374
5.31,-9.6612,-9.75878,198.276
5.32,-9.6612,-9.75878,198.179
5.33,-9.6612,-9.75878,198.081
5.34,-9.6612,-9.75878,197.984
5.35,-9.6612,-9.75878,197.886
5.36,-9.6612,-9.75878,197.789
5.37,-9.6612,-9.75878,197.691
5.38,-9.6612,-9.75878,197.593
5.39,-9.6612,-9.75878,197.496
5.4,-9.6612,-9.75878,197.398
5.41,-9.6612,-9.75878,197.301
5.42,-9.6612,-9.75878,197.203
5.43,-9.6612,-9.75878,197.105
5.44,-9.6612,-9.75878,197.008
5.45,-9.6612,-9.75878,196.91
5.46,-9.6612,-9.75878,196.813
5.47,-9.6612,-9.75878,196.715
5.48,-9.6612,-9.75878,196.617
5.49,-9.6612,-9.75878,196.52
5.5,-9.6612,-9.75878,196.422
5.51,-9.6612,-9.75878,196.325
5.52,-9.6612,-9.75878,196.227
5.53,-9.6612,-9.75878,196.13
5.54,-9.6612,-9.75878,196.032
5.55,-9.6612,-9.75878,195.934
5.56,-9.6612,-9.75878,195.837
5.57,-9.6612,-9.75878,195.739
5.58,-9.6612,-9.75878,195.642
5.59,-9.6612,-9.75878,195.544
5.6,-9.6612,-9.75878,195.446
5.61,-9.6612,-9.75878,195.349
5.62,-9.6612,-9.75878,195.251
5.63,-9.6612,-9.75878,195.154
5.64,-9.6612,-9.75878,195.056
5.65,-9.6612,-9.75878,194.958
5.66,-9.6612,-9.75878,194.861
5.67,-9.6612,-9.75878,194.763
5.68,-9.6612,-9.75878,194.666
5.69,-9.6612,-9.75878,194.568
5.7,-9.6612,-9.75878,194.471
5.71,-9.6612,-9.75878,194.373
5.72,-9.6612,-9.75878,194.275
5.73,-9.6612,-9.75878,194.178
5.74,-9.6612,-9.75878,194.08
5.75,-9.6612,-9.75878,193.983
5.76,-9.6612,-9.75878,193.885
5.77,-9.6612,-9.75878,193.787
5.78,-9.6612,-9.75878,193.69
5.79,-9.6612,-9.75878,193.592
5.8,-9.6612,-9.75878,193.495
5.81,-9.6612,-9.75878,193.397
5.82,-9.6612,-9.75878,193.3
5.83,-9.6612,-9.75878,193.202
5.84,-9.6612,-9.75878,193.104
5.85,-9.6612,-9.75878,193.007
5.86,-9.6612,-9.75878,192.909
5.87,-9.6612,-9.75878,192.812
5.88,-9.6612,-9.75878,192.714
5.89,-9.6612,-9.75878,192.616
5.9,-9.6612,-9.75878,192.519
5.91,-9.6612,-9.75878,192.421
5.92,-9.6612,-9.75878,192.324
5.93,-9.6612,-9.75878,192.226
5.94,-9.6612,-9.75878,192.128
5.95,-9.6612,-9.75878,192.031
5.96,-9.6612,-9.75878,191.933
5.97,-9.6612,-9.75878,191.836
5.98,-9.6612,-9.75878,191.738
5.99,-9.6612,-9.75878,191.641
6,-9.6612,-9.75878,191.543
6.01,-9.6612,-9.75878,191.445
6.02,-9.6612,-9.75878,191.348
6.03,-9.6612,-9.75878,191.25
6.04,-9.6612,-9.75878,191.153
6.05,-9.6612,-9.75878,191.055
6.06,-9.6612,-9.75878,190.957
6.07,-9.6612,-9.75878,190.86
6.08,-9.6612,-9.75878,190.762
6.09,-9.6612,-9.75878,190.665
6.1,-9.6612,-9.75878,190.567
6.11,-9.6612,-9.75878,190.469
6.12,-9.6612,-9.75878,190.372
6.13,-9.6612,-9.75878,190.274
6.14,-9.6612,-9.75878,190.177
6.15,-9.6612,-9.75878,190.079
6.16,-9.6612,-9.75878,189.982
6.17,-9.6612,-9.75878,189.884
6.18,-9.6612,-9.75878,189.786
6.19,-9.6612,-9.75878,189.689
6.2,-9.6612,-9.75878,189.591
6.21,-9.6612,-9.75878,189.494
6.22,-9.6612,-9.75878,189.396
6.23,-9.6612,-9.75878,189.298
6.24,-9.6612,-9.75878,189.201
6.25,-9.6612,-9.75878,189.103
6.26,-9.6612,-9.75878,189.006
6.27,-9.6612,-9.75878,188.908
6.28,-9.6612,-9.75878,188.81
6.29,-9.6612,-9.75878,188.713
6.3,-9.6612,-9.75878,188.615
6.31,-9.6612,-9.75878,188.518
6.32,-9.6612,-9.75878,188.42
6.33,-9.6612,-9.75878,188.323
6.34,-9.6612,-9.75878,188.225
6.35,-9.6612,-9.75878,188.127
6.36,-9.6612,-9.75878,188.03
6.37,-9.6612,-9.75878,187.932
6.38,-9.6612,-9.75878,187.835
6.39,-9.6612,-9.75878,187.737
6.4,-9.6612,-9.75878,187.639
6.41,-9.6612,-9.75878,187.542
6.42,-9.6612,-9.75878,187.444
6.43,-9.6612,-9.75878,187.347
6.44,-9.6612,-9.75878,187.249
6.45,-9.6612,-9.75878,187.151
6.46,-9.6612,-9.75878,187.054
6.47,-9.6612,-9.75878,186.956
6.48,-9.6612,-9.75878,186.859
6.49,-9.6612,-9.75878,186.761
6.5,-9.6612,-9.75878,186.664
6.51,-9.6612,-9.75878,186.566
6.52,-9.6612,-9.75878,186.468
6.53,-9.6612,-9.75878,186.371
6.54,-9.6612,-9.75878,186.273
6.55,-9.6612,-9.75878,186.176
6.56,-9.6612,-9.75878,186.078
6.57,-9.6612,-9.75878,185.98
6.58,-9.6612,-9.75878,185.883
6.59,-9.6612,-9.75878,185.785
6.6,-9.6612,-9.75878,185.688
6.61,-9.6612,-9.75878,185.59
6.62,-9.6612,-9.75878,185.492
6.63,-9.6612,-9.75878,185.395
6.64,-9.6612,-9.75878,185.297
6.65,-9.6612,-9.75878,185.2
6.66,-9.6612,-9.75878,185.102
6.67,-9.6612,-9.75878,185.005
6.68,-9.6612,-9.75878,184.907
6.69,-9.6612,-9.75878,184.809
6.7,-9.6612,-9.75878,184.712
6.71,-9.6612,-9.75878,184.614
6.72,-9.6612,-9.75878,184.517
6.73,-9.6612,-9.75878,184.419
6.74,-9.6612,-9.75878,184.321
6.75,-9.6612,-9.75878,184.224
6.76,-9.6612,-9.75878,184.126
6.77,-9.6612,-9.75878,184.029
6.78,-9.6612,-9.75878,183.931
6.79,-9.6612,-9.75878,183.833
6.8,-9.6612,-9.75878,183.736
6.81,-9.6612,-9.75878,183.638
6.82,-9.6612,-9.75878,183.541
6.83,-9.6612,-9.75878,183.443
6.84,-9.6612,-9.75878,183.346
6.85,-9.6612,-9.75878,183.248
6.86,-9.6612,-9.75878,183.15
6.87,-9.6612,-9.75878,183.053
6.88,-9.6612,-9.75878,182.955
6.89,-9.6612,-9.75878,182.858
6.9,-9.6612,-9.75878,182.76
6.91,-9.6612,-9.75878,182.662
6.92,-9.6612,-9.75878,182.565
6.93,-9.6612,-9.75878,182.467
6.94,-9.6612,-9.75878,182.37
6.95,-9.6612,-9.75878,182.272
6.96,-9.6612,-9.75878,182.174
6.97,-9.6612,-9.75878,182.077
6.98,-9.6612,-9.75878,181.979
6.99,-9.6612,-9.75878,181.882
7,-9.6612,-9.75878,181.784
7.01,-9.6612,-9.75878,181.687
7.02,-9.6612,-9.75878,181.589
7.03,-9.6612,-9.75878,181.491
7.04,-9.6612,-9.75878,181.394
7.05,-9.6612,-9.75878,181.296
7.06,-9.6612,-9.75878,181.199
7.07,-9.6612,-9.75878,181.101
7.08,-9.6612,-9.75878,181.003
7.09,-9.6612,-9.75878,180.906
7.1,-9.6612,-9.75878,180.808
7.11,-9.6612,-9.75878,180.711
7.12,-9.6612,-9.75878,180.613
7.13,-9.6612,-9.75878,180.515
7.14,-9.6612,-9.75878,180.418
7.15,-9.6612,-9.75878,180.32
7.16,-9.6612,-9.75878,180.223
7.17,-9.6612,-9.75878,180.125
7.18,-9.6612,-9.75878,180.028
7.19,-9.6612,-9.75878,179.93
7.2,-9.6612,-9.75878,179.832
7.21,-9.6612,-9.75878,179.735
7.22,-9.6612,-9.75878,179.637
7.23,-9.6612,-9.75878,179.54
7.24,-9.6612,-9.75878,179.442
7.25,-9.6612,-9.75878,179.344
7.26,-9.6612,-9.75878,179.247
7.27,-9.6612,-9.75878,179.149
7.28,-9.6612,-9.75878,179.052
7.29,-9.6612,-9.75878,178.954
7.3,-9.6612,-9.75878,178.856
7.31,-9.6612,-9.75878,178.759
7.32,-9.6612,-9.75878,178.661
7.33,-9.6612,-9.75878,178.564
7.34,-9.6612,-9.75878,178.466
7.35,-9.6612,-9.75878,178.369
7.36,-9.6612,-9.75878,178.271
7.37,-9.6612,-9.75878,178.173
7.38,-9.6612,-9.75878,178.076
7.39,-9.6612,-9.75878,177.978
7.4,-9.6612,-9.75878,177.881
7.41,-9.6612,-9.75878,177.783
7.42,-9.6612,-9.75878,177.685
7.43,-9.6612,-9.75878,177.588
7.44,-9.6612,-9.75878,177.49
7.45,-9.6612,-9.75878,177.393
7.46,-9.6612,-9.75878,177.295
7.47,-9.6612,-9.75878,177.198
7.48,-9.6612,-9.75878,177.1
7.49,-9.6612,-9.75878,177.002
7.5,-9.6612,-9.75878,176.905
7.51,-9.6612,-9.75878,176.807
7.52,-9.6612,-9.75878,176.71
7.53,-9.6612,-9.75878,176.612
7.54,-9.6612,-9.75878,176.514
7.55,-9.6612,-9.75878,176.417
7.56,-9.6612,-9.75878,176.319
7.57,-9.6612,-9.75878,176.222
7.58,-9.6612,-9.75878,176.124
7.59,-9.6612,-9.75878,176.026
7.6,-9.6612,-9.75878,175.929
7.61,-9.6612,-9.75878,175.831
7.62,-9.6612,-9.75878,175.734
7.63,-9.6612,-9.75878,175.636
7.64,-9.6612,-9.75878,175.539
7.65,-9.6612,-9.75878,175.441
7.66,-9.6612,-9.75878,175.343
7.67,-9.6612,-9.75878,175.246
7.68,-9.6612,-9.75878,175.148
7.69,-9.6612,-9.75878,175.051
7.7,-9.6612,-9.75878,174.953
7.71,-9.6612,-9.75878,174.855
7.72,-9.6612,-9.75878,174.758
7.73,-9.6612,-9.75878,174.66
7.74,-9.6612,-9.75878,174.563
7.75,-9.6612,-9.75878,174.465
7.76,-9.6612,-9.75878,174.367
7.77,-9.6612,-9.75878,174.27
7.78,-9.6612,-9.75878,174.172
7.79,-9.6612,-9.75878,174.075
7.8,-9.6612,-9.75878,173.977
7.81,-9.6612,-9.75878,173.88
7.82,-9.6612,-9.75878,173.782
7.83,-9.6612,-9.75878,173.684
7.84,-9.6612,-9.75878,173.587
7.85,-9.6612,-9.75878,173.489
7.86,-9.6612,-9.75878,173.392
7.87,-9.6612,-9.75878,173.294
7.88,-9.6612,-9.75878,173.196
7.89,-9.6612,-9.75878,173.099
7.9,-9.6612,-9.75878,173.001
7.91,-9.6612,-9.75878,172.904
7.92,-9.6612,-9.75878,172.806
7.93,-9.6612,-9.75878,172.708
7.94,-9.6612,-9.75878,172.611
7.95,-9.6612,-9.75878,172.513
7.96,-9.6612,-9.75878,172.416
7.97,-9.6612,-9.75878,172.318
7.98,-9.6612,-9.75878,172.221
7.99,-9.6612,-9.75878,172.123
8,-9.6612,-9.75878,172.025
8.01,-9.6612,-9.75878,171.928
8.02,-9.6612,-9.75878,171.83
8.03,-9.6612,-9.75878,171.733
8.04,-9.6612,-9.75878,171.635
8.05,-9.6612,-9.75878,171.537
8.06,-9.6612,-9.75878,171.44
8.07,-9.6612,-9.75878,171.342
8.08,-9.6612,-9.75878,171.245
8.09,-9.6612,-9.75878,171.147
8.1,-9.6612,-9.75878,171.049
8.11,-9.6612,-9.75878,170.952
8.12,-9.6612,-9.75878,170.854
8.13,-9.6612,-9.75878,170.757
8.14,-9.6612,-9.75878,170.659
8.15,-9.6612,-9.75878,170.562
8.16,-9.6612,-9.75878,170.464
8.17,-9.6612,-9.75878,170.366
8.18,-9.6612,-9.75878,170.269
8.19,-9.6612,-9.75878,170.171
8.2,-9.6612,-9.75878,170.074
8.21,-9.6612,-9.75878,169.976
8.22,-9.6612,-9.75878,169.878
8.23,-9.6612,-9.75878,169.781
8.24,-9.6612,-9.75878,169.683
8.25,-9.6612,-9.75878,169.586
8.26,-9.6612,-9.75878,169.488
8.27,-9.6612,-9.75878,169.39
8.28,-9.6612,-9.75878,169.293
8.29,-9.6612,-9.75878,169.195
8.3,-9.6612,-9.75878,169.098
8.31,-9.6612,-9.75878,169
8.32,-9.6612,-9.75878,168.903
8.33,-9.6612,-9.75878,168.805
8.34,-9.6612,-9.75878,168.707
8.35,-9.6612,-9.75878,168.61
8.36,-9.6612,-9.75878,168.512
8.37,-9.6612,-9.75878,168.415
8.38,-9.6612,-9.75878,168.317
8.39,-9.6612,-9.75878,168.219
8.4,-9.6612,-9.75878,168.122
8.41,-9.6612,-9.75878,168.024
8.42,-9.6612,-9.75878,167.927
8.43,-9.6612,-9.75878,167.829
8.44,-9.6612,-9.75878,167.731
8.45,-9.6612,-9.75878,167.634
8.46,-9.6612,-9.75878,167.536
8.47,-9.6612,-9.75878,167.439
8.48,-9.6612,-9.75878,167.341
8.49,-9.6612,-9.75878,167.244
8.5,-9.6612,-9.75878,167.146
8.51,-9.6612,-9.75878,167.048
8.52,-9.6612,-9.75878,166.951
8.53,-9.6612,-9.75878,166.853
8.54,-9.6612,-9.75878,166.756
8.55,-9.6612,-9.75878,166.658
8.56,-9.6612,-9.75878,166.56
8.57,-9.6612,-9.75878,166.463
8.58,-9.6612,-9.75878,166.365
8.59,-9.6612,-9.75878,166.268
8.6,-9.6612,-9.75878,166.17
8.61,-9.6612,-9.75878,166.072
8.62,-9.6612,-9.75878,165.975
8.63,-9.6612,-9.75878,165.877
8.64,-9.6612,-9.75878,165.78
8.65,-9.6612,-9.75878,165.682
8.66,-9.6612,-9.75878,165.585
8.67,-9.6612,-9.75878,165.487
8.68,-9.6612,-9.75878,165.389
8.69,-9.6612,-9.75878,165.292
8.7,-9.6612,-9.75878,165.194
8.71,-9.6612,-9.75878,165.097
8.72,-9.6612,-9.75878,164.999
8.73,-9.6612,-9.75878,164.901
8.74,-9.6612,-9.75878,164.804
8.75,-9.6612,-9.75878,164.706
8.76,-9.6612,-9.75878,164.609
8.77,-9.6612,-9.75878,164.511
8.78,-9.6612,-9.75878,164.413
8.79,-9.6612,-9.75878,164.316
8.8,-9.6612,-9.75878,164.218
8.81,-9.6612,-9.75878,164.121
8.82,-9.6612,-9.75878,164.023
8.83,-9.6612,-9.75878,163.926
8.84,-9.6612,-9.75878,163.828
8.85,-9.6612,-9.75878,163.73
8.86,-9.6612,-9.75878,163.633
8.87,-9.6612,-9.75878,163.535
8.88,-9.6612,-9.75878,163.438
8.89,-9.6612,-9.75878,163.34
8.9,-9.6612,-9.75878,163.242
8.91,-9.6612,-9.75878,163.145
8.92,-9.6612,-9.75878,163.047
8.93,-9.6612,-9.75878,162.95
8.94,-9.6612,-9.75878,162.852
8.95,-9.6612,-9.75878,162.755
8.96,-9.6612,-9.75878,162.657
8.97,-9.6612,-9.75878,162.559
8.98,-9.6612,-9.75878,162.462
8.99,-9.6612,-9.75878,162.364
9,-9.6612,-9.75878,162.267
9.01,-9.6612,-9.75878,162.169
9.02,-9.6612,-9.75878,162.071
9.03,-9.6612,-9.75878,161.974
9.04,-9.6612,-9.75878,161.876
9.05,-9.6612,-9.75878,161.779
9.06,-9.6612,-9.75878,161.681
9.07,-9.6612,-9.75878,161.583
9.08,-9.6612,-9.75878,161.486
9.09,-9.6612,-9.75878,161.388
9.1,-9.6612,-9.75878,161.291
9.11,-9.6612,-9.75878,161.193
9.12,-9.6612,-9.75878,161.096
9.13,-9.6612,-9.75878,160.998
9.14,-9.6612,-9.75878,160.9
9.15,-9.6612,-9.75878,160.803
9.16,-9.6612,-9.75878,160.705
9.17,-9.6612,-9.75878,160.608
9.18,-9.6612,-9.75878,160.51
9.19,-9.6612,-9.75878,160.412
9.2,-9.6612,-9.75878,160.315
9.21,-9.6612,-9.75878,160.217
9.22,-9.6612,-9.75878,160.12
9.23,-9.6612,-9.75878,160.022
9.24,-9.6612,-9.75878,159.924
9.25,-9.6612,-9.75878,159.827
9.26,-9.6612,-9.75878,159.729
9.27,-9.6612,-9.75878,159.632
9.28,-9.6612,-9.75878,159.534
9.29,-9.6612,-9.75878,159.437
9.3,-9.6612,-9.75878,159.339
9.31,-9.6612,-9.75878,159.241
9.32,-9.6612,-9.75878,159.144
9.33,-9.6612,-9.75878,159.046
9.34,-9.6612,-9.75878,158.949
9.35,-9.6612,-9.75878,158.851
9.36,-9.6612,-9.75878,158.753
9.37,-9.6612,-9.75878,158.656
9.38,-9.6612,-9.75878,158.558
9.39,-9.6612,-9.75878,158.461
9.4,-9.6612,-9.75878,158.363
9.41,-9.6612,-9.75878,158.265
9.42,-9.6612,-9.75878,158.168
9.43,-9.6612,-9.75878,158.07
9.44,-9.6612,-9.75878,157.973
9.45,-9.6612,-9.75878,157.875
9.46,-9.6612,-9.75878,157.778
9.47,-9.6612,-9.75878,157.68
9.48,-9.6612,-9.75878,157.582
9.49,-9.6612,-9.75878,157.485
9.5,-9.6612,-9.75878,157.387
9.51,-9.6612,-9.75878,157.29
9.52,-9.6612,-9.75878,157.192
9.53,-9.6612,-9.75878,157.094
9.54,-9.6612,-9.75878,156.997
9.55,-9.6612,-9.75878,156.899
9.56,-9.6612,-9.75878,156.802
9.57,-9.6612,-9.75878,156.704
9.58,-9.6612,-9.75878,156.606
9.59,-9.6612,-9.75878,156.509
9.6,-9.6612,-9.75878,156.411
9.61,-9.6612,-9.75878,156.314
9.62,-9.6612,-9.75878,156.216
9.63,-9.6612,-9.75878,156.119
9.64,-9.6612,-9.75878,156.021
9.65,-9.6612,-9.75878,155.923
9.66,-9.6612,-9.75878,155.826
9.67,-9.6612,-9.75878,155.728
9.68,-9.6612,-9.75878,155.631
9.69,-9.6612,-9.75878,155.533
9.7,-9.6612,-9.75878,155.435
9.71,-9.6612,-9.75878,155.338
9.72,-9.6612,-9.75878,155.24
9.73,-9.6612,-9.75878,155.143
9.74,-9.6612,-9.75878,155.045
9.75,-9.6612,-9.75878,154.947
9.76,-9.6612,-9.75878,154.85
9.77,-9.6612,-9.75878,154.752
9.78,-9.6612,-9.75878,154.655
9.79,-9.6612,-9.75878,154.557
9.8,-9.6612,-9.75878,154.46
9.81,-9.6612,-9.75878,154.362
9.82,-9.6612,-9.75878,154.264
9.83,-9.6612,-9.75878,154.167
9.84,-9.6612,-9.75878,154.069
9.85,-9.6612,-9.75878,153.972
9.86,-9.6612,-9.75878,153.874
9.87,-9.6612,-9.75878,153.776
9.88,-9.6612,-9.75878,153.679
9.89,-9.6612,-9.75878,153.581
9.9,-9.6612,-9.75878,153.484
9.91,-9.6612,-9.75878,153.386
9.92,-9.6612,-9.75878,153.288
9.93,-9.6612,-9.75878,153.191
9.94,-9.6612,-9.75878,153.093
9.95,-9.6612,-9.75878,152.996
9.96,-9.6612,-9.75878,152.898
9.97,-9.6612,-9.75878,152.801
9.98,-9.6612,-9.75878,152.703
9.99,-9.6612,-9.75878,152.605
10,-9.6612,-9.75878,152.508
10.01,-9.6612,-9.75878,152.41
10.02,-9.6612,-9.75878,152.313
10.03,-9.6612,-9.75878,152.215
10.04,-9.6612,-9.75878,152.117
10.05,-9.6612,-9.75878,152.02
10.06,-9.6612,-9.75878,151.922
10.07,-9.6612,-9.75878,151.825
10.08,-9.6612,-9.75878,151.727
10.09,-9.6612,-9.75878,151.629
10.1,-9.6612,-9.75878,151.532
10.11,-9.6612,-9.75878,151.434
10.12,-9.6612,-9.75878,151.337
10.13,-9.6612,-9.75878,151.239
10.14,-9.6612,-9.75878,151.142
10.15,-9.6612,-9.75878,151.044
10.16,-9.6612,-9.75878,150.946
10.17,-9.6612,-9.75878,150.849
10.18,-9.6612,-9.75878,150.751
10.19,-9.6612,-9.75878,150.654
10.2,-9.6612,-9.75878,150.556
10.21,-9.6612,-9.75878,150.458
10.22,-9.6612,-9.75878,150.361
10.23,-9.6612,-9.75878,150.263
10.24,-9.6612,-9.75878,150.166
10.25,-9.6612,-9.75878,150.068
10.26,-9.6612,-9.75878,149.97
10.27,-9.6612,-9.75878,149.873
10.28,-9.6612,-9.75878,149.775
10.29,-9.6612,-9.75878,149.678
10.3,-9.6612,-9.75878,149.58
10.31,-9.6612,-9.75878,149.483
10.32,-9.6612,-9.75878,149.385
10.33,-9.6612,-9.75878,149.287
10.34,-9.6612,-9.75878,149.19
10.35,-9.6612,-9.75878,149.092
10.36,-9.6612,-9.75878,148.995
10.37,-9.6612,-9.75878,148.897
10.38,-9.6612,-9.75878,148.799
10.39,-9.6612,-9.75878,148.702
10.4,-9.6612,-9.75878,148.604
10.41,-9.6612,-9.75878,148.507
10.42,-9.6612,-9.75878,148.409
10.43,-9.6612,-9.75878,148.312
10.44,-9.6612,-9.75878,148.214
10.45,-9.6612,-9.75878,148.116
10.46,-9.6612,-9.75878,148.019
10.47,-9.6612,-9.75878,147.921
10.48,-9.6612,-9.75878,147.824
10.49,-9.6612,-9.75878,147.726
10.5,-9.6612,-9.75878,147.628
10.51,-9.6612,-9.75878,147.531
10.52,-9.6612,-9.75878,147.433
10.53,-9.6612,-9.75878,147.336
10.54,-9.6612,-9.75878,147.238
10.55,-9.6612,-9.75878,147.14
10.56,-9.6612,-9.75878,147.043
10.57,-9.6612,-9.75878,146.945
10.58,-9.6612,-9.75878,146.848
10.59,-9.6612,-9.75878,146.75
10.6,-9.6612,-9.75878,146.653
10.61,-9.6612,-9.75878,146.555
10.62,-9.6612,-9.75878,146.457
10.63,-9.6612,-9.75878,146.36
10.64,-9.6612,-9.75878,146.262
10.65,-9.6612,-9.75878,146.165
10.66,-9.6612,-9.75878,146.067
10.67,-9.6612,-9.75878,145.969
10.68,-9.6612,-9.75878,145.872
10.69,-9.6612,-9.75878,145.774
10.7,-9.6612,-9.75878,145.677
10.71,-9.6612,-9.75878,145.579
10.72,-9.6612,-9.75878,145.481
10.73,-9.6612,-9.75878,145.384
10.74,-9.6612,-9.75878,145.286
10.75,-9.6612,-9.75878,145.189
10.76,-9.6612,-9.75878,145.091
10.77,-9.6612,-9.75878,144.994
10.78,-9.6612,-9.75878,144.896
10.79,-9.6612,-9.75878,144.798
10.8,-9.6612,-9.75878,144.701
10.81,-9.6612,-9.75878,144.603
10.82,-9.6612,-9.75878,144.506
10.83,-9.6612,-9.75878,144.408
10.84,-9.6612,-9.75878,144.31
10.85,-9.6612,-9.75878,144.213
10.86,-9.6612,-9.75878,144.115
10.87,-9.6612,-9.75878,144.018
10.88,-9.6612,-9.75878,143.92
10.89,-9.6612,-9.75878,143.822
10.9,-9.6612,-9.75878,143.725
10.91,-9.6612,-9.75878,143.627
10.92,-9.6612,-9.75878,143.53
10.93,-9.6612,-9.75878,143.432
10.94,-9.6612,-9.75878,143.335
10.95,-9.6612,-9.75878,143.237
10.96,-9.6612,-9.75878,143.139
10.97,-9.6612,-9.75878,143.042
10.98,-9.6612,-9.75878,142.944
10.99,-9.6612,-9.75878,142.847
11,-9.6612,-9.75878,142.749
11.01,-9.6612,-9.75878,142.651
11.02,-9.6612,-9.75878,142.554
11.03,-9.6612,-9.75878,142.456
11.04,-9.6612,-9.75878,142.359
11.05,-9.6612,-9.75878,142.261
11.06,-9.6612,-9.75878,142.163
11.07,-9.6612,-9.75878,142.066
11.08,-9.6612,-9.75878,141.968
11.09,-9.6612,-9.75878,141.871
11.1,-9.6612,-9.75878,141.773
11.11,-9.6612,-9.75878,141.676
11.12,-9.6612,-9.75878,141.578
11.13,-9.6612,-9.75878,141.48
11.14,-9.6612,-9.75878,141.383
11.15,-9.6612,-9.75878,141.285
11.16,-9.6612,-9.75878,141.188
11.17,-9.6612,-9.75878,141.09
11.18,-9.6612,-9.75878,140.992
11.19,-9.6612,-9.75878,140.895
11.2,-9.6612,-9.75878,140.797
11.21,-9.6612,-9.75878,140.7
11.22,-9.6612,-9.75878,140.602
11.23,-9.6612,-9.75878,140.504
11.24,-9.6612,-9.75878,140.407
11.25,-9.6612,-9.75878,140.309
11.26,-9.6612,-9.75878,140.212
11.27,-9.6612,-9.75878,140.114
11.28,-9.6612,-9.75878,140.017
11.29,-9.6612,-9.75878,139.919
11.3,-9.6612,-9.75878,139.821
11.31,-9.6612,-9.75878,139.724
11.32,-9.6612,-9.75878,139.626
11.33,-9.6612,-9.75878,139.529
11.34,-9.6612,-9.75878,139.431
11.35,-9.6612,-9.75878,139.333
11.36,-9.6612,-9.75878,139.236
11.37,-9.6612,-9.75878,139.138
11.38,-9.6612,-9.75878,139.041
11.39,-9.6612,-9.75878,138.943
11.4,-9.6612,-9.75878,138.845
11.41,-9.6612,-9.75878,138.748
11.42,-9.6612,-9.75878,138.65
11.43,-9.6612,-9.75878,138.553
11.44,-9.6612,-9.75878,138.455
11.45,-9.6612,-9.75878,138.358
11.46,-9.6612,-9.75878,138.26
11.47,-9.6612,-9.75878,138.162
11.48,-9.6612,-9.75878,138.065
11.49,-9.6612,-9.75878,137.967
11.5,-9.6612,-9.75878,137.87
11.51,-9.6612,-9.75878,137.772
11.52,-9.6612,-9.75878,137.674
11.53,-9.6612,-9.75878,137.577
11.54,-9.6612,-9.75878,137.479
11.55,-9.6612,-9.75878,137.382
11.56,-9.6612,-9.75878,137.284
11.57,-9.6612,-9.75878,137.186
11.58,-9.6612,-9.75878,137.089
11.59,-9.6612,-9.75878,136.991
11.6,-9.6612,-9.75878,136.894
11.61,-9.6612,-9.75878,136.796
11.62,-9.6612,-9.75878,136.699
11.63,-9.6612,-9.75878,136.601
11.64,-9.6612,-9.75878,136.503
11.65,-9.6612,-9.75878,136.406
11.66,-9.6612,-9.75878,136.308
11.67,-9.6612,-9.75878,136.211
11.68,-9.6612,-9.75878,136.113
11.69,-9.6612,-9.75878,136.015
11.7,-9.6612,-9.75878,135.918
11.71,-9.6612,-9.75878,135.82
11.72,-9.6612,-9.75878,135.723
11.73,-9.6612,-9.75878,135.625
11.74,-9.6612,-9.75878,135.527
11.75,-9.6612,-9.75878,135.43
11.76,-9.6612,-9.75878,135.332
11.77,-9.6612,-9.75878,135.235
11.78,-9.6612,-9.75878,135.137
11.79,-9.6612,-9.75878,135.04
11.8,-9.6612,-9.75878,134.942
11.81,-9.6612,-9.75878,134.844
11.82,-9.6612,-9.75878,134.747
11.83,-9.6612,-9.75878,134.649
11.84,-9.6612,-9.75878,134.552
11.85,-9.6612,-9.75878,134.454
11.86,-9.6612,-9.75878,134.356
11.87,-9.6612,-9.75878,134.259
11.88,-9.6612,-9.75878,134.161
11.89,-9.6612,-9.75878,134.064
11.9,-9.6612,-9.75878,133.966
11.91,-9.6612,-9.75878,133.868
11.92,-9.6612,-9.75878,133.771
11.93,-9.6612,-9.75878,133.673
11.94,-9.6612,-9.75878,133.576
11.95,-9.6612,-9.75878,133.478
11.96,-9.6612,-9.75878,133.381
11.97,-9.6612,-9.75878,133.283
11.98,-9.6612,-9.75878,133.185
11.99,-9.6612,-9.75878,133.088
12,-9.6612,-9.75878,132.99
12.01,-9.6612,-9.75878,132.893
12.02,-9.6612,-9.75878,132.795
12.03,-9.6612,-9.75878,132.697
12.04,-9.6612,-9.75878,132.6
12.05,-9.6612,-9.75878,132.502
12.06,-9.6612,-9.75878,132.405
12.07,-9.6612,-9.75878,132.307
12.08,-9.6612,-9.75878,132.21
12.09,-9.6612,-9.75878,132.112
12.1,-9.6612,-9.75878,132.014
12.11,-9.6612,-9.75878,131.917
12.12,-9.6612,-9.75878,131.819
12.13,-9.6612,-9.75878,131.722
12.14,-9.6612,-9.75878,131.624
12.15,-9.6612,-9.75878,131.526
12.16,-9.6612,-9.75878,131.429
12.17,-9.6612,-9.75878,131.331
12.18,-9.6612,-9.75878,131.234
12.19,-9.6612,-9.75878,131.136
12.2,-9.6612,-9.75878,131.038
12.21,-9.6612,-9.75878,130.941
12.22,-9.6612,-9.75878,130.843
12.23,-9.6612,-9.75878,130.746
12.24,-9.6612,-9.75878,130.648
12.25,-9.6612,-9.75878,130.551
12.26,-9.6612,-9.75878,130.453
12.27,-9.6612,-9.75878,130.355
12.28,-9.6612,-9.75878,130.258
12.29,-9.6612,-9.75878,130.16
12.3,-9.6612,-9.75878,130.063
12.31,-9.6612,-9.75878,129.965
12.32,-9.6612,-9.75878,129.867
12.33,-9.6612,-9.75878,129.77
12.34,-9.6612,-9.75878,129.672
12.35,-9.6612,-9.75878,129.575
12.36,-9.6612,-9.75878,129.477
12.37,-9.6612,-9.75878,129.379
12.38,-9.6612,-9.75878,129.282
12.39,-9.6612,-9.75878,129.184
12.4,-9.6612,-9.75878,129.087
12.41,-9.6612,-9.75878,128.989
12.42,-9.6612,-9.75878,128.892
12.43,-9.6612,-9.75878,128.794
12.44,-9.6612,-9.75878,128.696
12.45,-9.6612,-9.75878,128.599
12.46,-9.6612,-9.75878,128.501
12.47,-9.6612,-9.75878,128.404
12.48,-9.6612,-9.75878,128.306
12.49,-9.6612,-9.75878,128.208
12.5,-9.6612,-9.75878,128.111
12.51,-9.6612,-9.75878,128.013
12.52,-9.6612,-9.75878,127.916
12.53,-9.6612,-9.75878,127.818
12.54,-9.6612,-9.75878,127.72
12.55,-9.6612,-9.75878,127.623
12.56,-9.6612,-9.75878,127.525
12.57,-9.6612,-9.75878,127.428
12.58,-9.6612,-9.75878,127.33
12.59,-9.6612,-9.75878,127.233
12.6,-9.6612,-9.75878,127.135
12.61,-9.6612,-9.75878,127.037
12.62,-9.6612,-9.75878,126.94
12.63,-9.6612,-9.75878,126.842
12.64,-9.6612,-9.75878,126.745
12.65,-9.6612,-9.75878,126.647
12.66,-9.6612,-9.75878,126.549
12.67,-9.6612,-9.75878,126.452
12.68,-9.6612,-9.75878,126.354
12.69,-9.6612,-9.75878,126.257
12.7,-9.6612,-9.75878,126.159
12.71,-9.6612,-9.75878,126.061
12.72,-9.6612,-9.75878,125.964
12.73,-9.6612,-9.75878,125.866
12.74,-9.6612,-9.75878,125.769
12.75,-9.6612,-9.75878,125.671
12.76,-9.6612,-9.75878,125.574
12.77,-9.6612,-9.75878,125.476
12.78,-9.6612,-9.75878,125.378
12.79,-9.6612,-9.75878,125.281
12.8,-9.6612,-9.75878,125.183
12.81,-9.6612,-9.75878,125.086
12.82,-9.6612,-9.75878,124.988
12.83,-9.6612,-9.75878,124.89
12.84,-9.6612,-9.75878,124.793
12.85,-9.6612,-9.75878,124.695
12.86,-9.6612,-9.75878,124.598
12.87,-9.6612,-9.75878,124.5
12.88,-9.6612,-9.75878,124.402
12.89,-9.6612,-9.75878,124.305
12.9,-9.6612,-9.75878,124.207
12.91,-9.6612,-9.75878,124.11
12.92,-9.6612,-9.75878,124.012
12.93,-9.6612,-9.75878,123.915
12.94,-9.6612,-9.75878,123.817
12.95,-9.6612,-9.75878,123.719
12.96,-9.6612,-9.75878,123.622
12.97,-9.6612,-9.75878,123.524
12.98,-9.6612,-9.75878,123.427
12.99,-9.6612,-9.75878,123.329
13,-9.6612,-9.75878,123.231
13.01,-9.6612,-9.75878,123.134
13.02,-9.6612,-9.75878,123.036
13.03,-9.6612,-9.75878,122.939
13.04,-9.6612,-9.75878,122.841
13.05,-9.6612,-9.75878,122.743
13.06,-9.6612,-9.75878,122.646
13.07,-9.6612,-9.75878,122.548
13.08,-9.6612,-9.75878,122.451
13.09,-9.6612,-9.75878,122.353
13.1,-9.6612,-9.75878,122.256
13.11,-9.6612,-9.75878,122.158
13.12,-9.6612,-9.75878,122.06
13.13,-9.6612,-9.75878,121.963
13.14,-9.6612,-9.75878,121.865
13.15,-9.6612,-9.75878,121.768
13.16,-9.6612,-9.75878,121.67
13.17,-9.6612,-9.75878,121.572
13.18,-9.6612,-9.75878,121.475
13.19,-9.6612,-9.75878,121.377
13.2,-9.6612,-9.75878,121.28
13.21,-9.6612,-9.75878,121.182
13.22,-9.6612,-9.75878,121.084
13.23,-9.6612,-9.75878,120.987
13.24,-9.6612,-9.75878,120.889
13.25,-9.6612,-9.75878,120.792
13.26,-9.6612,-9.75878,120.694
13.27,-9.6612,-9.75878,120.597
13.28,-9.6612,-9.75878,120.499
13.29,-9.6612,-9.75878,120.401
13.3,-9.6612,-9.75878,120.304
13.31,-9.6612,-9.75878,120.206
13.32,-9.6612,-9.75878,120.109
13.33,-9.6612,-9.75878,120.011
13.34,-9.6612,-9.75878,119.913
13.35,-9.6612,-9.75878,119.816
13.36,-9.6612,-9.75878,119.718
13.37,-9.6612,-9.75878,119.621
13.38,-9.6612,-9.75878,119.523
13.39,-9.6612,-9.75878,119.425
13.4,-9.6612,-9.75878,119.328
13.41,-9.6612,-9.75878,119.23
13.42,-9.6612,-9.75878,119.133
13.43,-9.6612,-9.75878,119.035
13.44,-9.6612,-9.75878,118.938
13.45,-9.6612,-9.75878,118.84
13.46,-9.6612,-9.75878,118.742
13.47,-9.6612,-9.75878,118.645
13.48,-9.6612,-9.75878,118.547
13.49,-9.6612,-9.75878,118.45
13.5,-9.6612,-9.75878,118.352
13.51,-9.6612,-9.75878,118.254
13.52,-9.6612,-9.75878,118.157
13.53,-9.6612,-9.75878,118.059
13.54,-9.6612,-9.75878,117.962
13.55,-9.6612,-9.75878,117.864
13.56,-9.6612,-9.75878,117.767
13.57,-9.6612,-9.75878,117.669
13.58,-9.6612,-9.75878,117.571
13.59,-9.6612,-9.75878,117.474
13.6,-9.6612,-9.75878,117.376
13.61,-9.6612,-9.75878,117.279
13.62,-9.6612,-9.75878,117.181
13.63,-9.6612,-9.75878,117.083
13.64,-9.6612,-9.75878,116.986
13.65,-9.6612,-9.75878,116.888
13.66,-9.6612,-9.75878,116.791
13.67,-9.6612,-9.75878,116.693
13.68,-9.6612,-9.75878,116.595
13.69,-9.6612,-9.75878,116.498
13.7,-9.6612,-9.75878,116.4
13.71,-9.6612,-9.75878,116.303
13.72,-9.6612,-9.75878,116.205
13.73,-9.6612,-9.75878,116.108
13.74,-9.6612,-9.75878,116.01
13.75,-9.6612,-9.75878,115.912
13.76,-9.6612,-9.75878,115.815
13.77,-9.6612,-9.75878,115.717
13.78,-9.6612,-9.75878,115.62
13.79,-9.6612,-9.75878,115.522
13.8,-9.6612,-9.75878,115.424
13.81,-9.6612,-9.75878,115.327
13.82,-9.6612,-9.75878,115.229
13.83,-9.6612,-9.75878,115.132
13.84,-9.6612,-9.75878,115.034
13.85,-9.6612,-9.75878,114.936
13.86,-9.6612,-9.75878,114.839
13.87,-9.6612,-9.75878,114.741
13.88,-9.6612,-9.75878,114.644
13.89,-9.6612,-9.75878,114.546
13.9,-9.6612,-9.75878,114.449
13.91,-9.6612,-9.75878,114.351
13.92,-9.6612,-9.75878,114.253
13.93,-9.6612,-9.75878,114.156
13.94,-9.6612,-9.75878,114.058
13.95,-9.6612,-9.75878,113.961
13.96,-9.6612,-9.75878,113.863
13.97,-9.6612,-9.75878,113.765
13.98,-9.6612,-9.75878,113.668
13.99,-9.6612,-9.75878,113.57
14,-9.6612,-9.75878,113.473
14.01,-9.6612,-9.75878,113.375
14.02,-9.6612,-9.75878,113.277
14.03,-9.6612,-9.75878,113.18
14.04,-9.6612,-9.75878,113.082
14.05,-9.6612,-9.75878,112.985
14.06,-9.6612,-9.75878,112.887
14.07,-9.6612,-9.75878,112.79
14.08,-9.6612,-9.75878,112.692
14.09,-9.6612,-9.75878,112.594
14.1,-9.6612,-9.75878,112.497
14.11,-9.6612,-9.75878,112.399
14.12,-9.6612,-9.75878,112.302
14.13,-9.6612,-9.75878,112.204
14.14,-9.6612,-9.75878,112.106
14.15,-9.6612,-9.75878,112.009
14.16,-9.6612,-9.75878,111.911
14.17,-9.6612,-9.75878,111.814
14.18,-9.6612,-9.75878,111.716
14.19,-9.6612,-9.75878,111.618
14.2,-9.6612,-9.75878,111.521
14.21,-9.6612,-9.75878,111.423
14.22,-9.6612,-9.75878,111.326
14.23,-9.6612,-9.75878,111.228
14.24,-9.6612,-9.75878,111.131
14.25,-9.6612,-9.75878,111.033
14.26,-9.6612,-9.75878,110.935
14.27,-9.6612,-9.75878,110.838
14.28,-9.6612,-9.75878,110.74
14.29,-9.6612,-9.75878,110.643
14.3,-9.6612,-9.75878,110.545
14.31,-9.6612,-9.75878,110.447
14.32,-9.6612,-9.75878,110.35
14.33,-9.6612,-9.75878,110.252
14.34,-9.6612,-9.75878,110.155
14.35,-9.6612,-9.75878,110.057
14.36,-9.6612,-9.75878,109.959
14.37,-9.6612,-9.75878,109.862
14.38,-9.6612,-9.75878,109.764
14.39,-9.6612,-9.75878,109.667
14.4,-9.6612,-9.75878,109.569
14.41,-9.6612,-9.75878,109.472
14.42,-9.6612,-9.75878,109.374
14.43,-9.6612,-9.75878,109.276
14.44,-9.6612,-9.75878,109.179
14.45,-9.6612,-9.75878,109.081
14.46,-9.6612,-9.75878,108.984
14.47,-9.6612,-9.75878,108.886
14.48,-9.6612,-9.75878,108.788
14.49,-9.6612,-9.75878,108.691
14.5,-9.6612,-9.75878,108.593
14.51,-9.6612,-9.75878,108.496
14.52,-9.6612,-9.75878,108.398
14.53,-9.6612,-9.75878,108.3
14.54,-9.6612,-9.75878,108.203
14.55,-9.6612,-9.75878,108.105
14.56,-9.6612,-9.75878,108.008
14.57,-9.6612,-9.75878,107.91
14.58,-9.6612,-9.75878,107.813
14.59,-9.6612,-9.75878,107.715
14.6,-9.6612,-9.75878,107.617
14.61,-9.6612,-9.75878,107.52
14.62,-9.6612,-9.75878,107.422
14.63,-9.6612,-9.75878,107.325
14.64,-9.6612,-9.75878,107.227
14.65,-9.6612,-9.75878,107.129
14.66,-9.6612,-9.75878,107.032
14.67,-9.6612,-9.75878,106.934
14.68,-9.6612,-9.75878,106.837
14.69,-9.6612,-9.75878,106.739
14.7,-9.6612,-9.75878,106.641
14.71,-9.6612,-9.75878,106.544
14.72,-9.6612,-9.75878,106.446
14.73,-9.6612,-9.75878,106.349
14.74,-9.6612,-9.75878,106.251
14.75,-9.6612,-9.75878,106.154
14.76,-9.6612,-9.75878,106.056
14.77,-9.6612,-9.75878,105.958
14.78,-9.6612,-9.75878,105.861
14.79,-9.6612,-9.75878,105.763
14.8,-9.6612,-9.75878,105.666
14.81,-9.6612,-9.75878,105.568
14.82,-9.6612,-9.75878,105.47
14.83,-9.6612,-9.75878,105.373
14.84,-9.6612,-9.75878,105.275
14.85,-9.6612,-9.75878,105.178
14.86,-9.6612,-9.75878,105.08
14.87,-9.6612,-9.75878,104.982
14.88,-9.6612,-9.75878,104.885
14.89,-9.6612,-9.75878,104.787
14.9,-9.6612,-9.75878,104.69
14.91,-9.6612,-9.75878,104.592
14.92,-9.6612,-9.75878,104.495
14.93,-9.6612,-9.75878,104.397
14.94,-9.6612,-9.75878,104.299
14.95,-9.6612,-9.75878,104.202
14.96,-9.6612,-9.75878,104.104
14.97,-9.6612,-9.75878,104.007
14.98,-9.6612,-9.75878,103.909
14.99,-9.6612,-9.75878,103.811
15,-9.6612,-9.75878,103.714
15.01,-9.6612,-9.75878,103.616
15.02,-9.6612,-9.75878,103.519
15.03,-9.6612,-9.75878,103.421
15.04,-9.6612,-9.75878,103.324
15.05,-9.6612,-9.75878,103.226
15.06,-9.6612,-9.75878,103.128
15.07,-9.6612,-9.75878,103.031
15.08,-9.6612,-9.75878,102.933
15.09,-9.6612,-9.75878,102.836
15.1,-9.6612,-9.75878,102.738
15.11,-9.6612,-9.75878,102.64
15.12,-9.6612,-9.75878,102.543
15.13,-9.6612,-9.75878,102.445
15.14,-9.6612,-9.75878,102.348
15.15,-9.6612,-9.75878,102.25
15.16,-9.6612,-9.75878,102.152
15.17,-9.6612,-9.75878,102.055
15.18,-9.6612,-9.75878,101.957
15.19,-9.6612,-9.75878,101.86
15.2,-9.6612,-9.75878,101.762
15.21,-9.6612,-9.75878,101.665
15.22,-9.6612,-9.75878,101.567
15.23,-9.6612,-9.75878,101.469
15.24,-9.6612,-9.75878,101.372
15.25,-9.6612,-9.75878,101.274
15.26,-9.6612,-9.75878,101.177
15.27,-9.6612,-9.75878,101.079
15.28,-9.6612,-9.75878,100.981
15.29,-9.6612,-9.75878,100.884
15.3,-9.6612,-9.75878,100.786
15.31,-9.6612,-9.75878,100.689
15.32,-9.6612,-9.75878,100.591
15.33,-9.6612,-9.75878,100.493
15.34,-9.6612,-9.75878,100.396
15.35,-9.6612,-9.75878,100.298
15.36,-9.6612,-9.75878,100.201
15.37,-9.6612,-9.75878,100.103
15.38,-9.6612,-9.75878,100.006
15.39,-9.6612,-9.75878,99.9079
15.4,-9.6612,-9.75878,99.8103
15.41,-9.6612,-9.75878,99.7128
15.42,-9.6612,-9.75878,99.6152
15.43,-9.6612,-9.75878,99.5176
15.44,-9.6612,-9.75878,99.42
15.45,-9.6612,-9.75878,99.3224
15.46,-9.6612,-9.75878,99.2248
15.47,-9.6612,-9.75878,99.1272
15.48,-9.6612,-9.75878,99.0296
15.49,-9.6612,-9.75878,98.9321
15.5,-9.6612,-9.75878,98.8345
15.51,-9.6612,-9.75878,98.7369
15.52,-9.6612,-9.75878,98.6393
15.53,-9.6612,-9.75878,98.5417
15.54,-9.6612,-9.75878,98.4441
15.55,-9.6612,-9.75878,98.3465
15.56,-9.6612,-9.75878,98.2489
15.57,-9.6612,-9.75878,98.1513
15.58,-9.6612,-9.75878,98.0538
15.59,-9.6612,-9.75878,97.9562
15.6,-9.6612,-9.75878,97.8586
15.61,-9.6612,-9.75878,97.761
15.62,-9.6612,-9.75878,97.6634
15.63,-9.6612,-9.75878,97.5658
15.64,-9.6612,-9.75878,97.4682
15.65,-9.6612,-9.75878,97.3706
15.66,-9.6612,-9.75878,97.2731
15.67,-9.6612,-9.75878,97.1755
15.68,-9.6612,-9.75878,97.0779
15.69,-9.6612,-9.75878,96.9803
15.7,-9.6612,-9.75878,96.8827
15.71,-9.6612,-9.75878,96.7851
15.72,-9.6612,-9.75878,96.6875
15.73,-9.6612,-9.75878,96.5899
15.74,-9.6612,-9.75878,96.4924
15.75,-9.6612,-9.75878,96.3948
15.76,-9.6612,-9.75878,96.2972
15.77,-9.6612,-9.75878,96.1996
15.78,-9.6612,-9.75878,96.102
15.79,-9.6612,-9.75878,96.0044
15.8,-9.6612,-9.75878,95.9068
15.81,-9.6612,-9.75878,95.8092
15.82,-9.6612,-9.75878,95.7117
15.83,-9.6612,-9.75878,95.6141
15.84,-9.6612,-9.75878,95.5165
15.85,-9.6612,-9.75878,95.4189
15.86,-9.6612,-9.75878,95.3213
15.87,-9.6612,-9.75878,95.2237
15.88,-9.6612,-9.75878,95.1261
15.89,-9.6612,-9.75878,95.0285
15.9,-9.6612,-9.75878,94.9309
15.91,-9.6612,-9.75878,94.8334
15.92,-9.6612,-9.75878,94.7358
15.93,-9.6612,-9.75878,94.6382
15.94,-9.6612,-9.75878,94.5406
15.95,-9.6612,-9.75878,94.443
15.96,-9.6612,-9.75878,94.3454
15.97,-9.6612,-9.75878,94.2478
15.98,-9.6612,-9.75878,94.1502
15.99,-9.6612,-9.75878,94.0527
16,-9.6612,-9.75878,93.9551
16.01,-9.6612,-9.75878,93.8575
16.02,-9.6612,-9.75878,93.7599
16.03,-9.6612,-9.75878,93.6623
16.04,-9.6612,-9.75878,93.5647
16.05,-9.6612,-9.75878,93.4671
16.06,-9.6612,-9.75878,93.3695
16.07,-9.6612,-9.75878,93.272
16.08,-9.6612,-9.75878,93.1744
16.09,-9.6612,-9.75878,93.0768
16.1,-9.6612,-9.75878,92.9792
16.11,-9.6612,-9.75878,92.8816
16.12,-9.6612,-9.75878,92.784
16.13,-9.6612,-9.75878,92.6864
16.14,-9.6612,-9.75878,92.5888
16.15,-9.6612,-9.75878,92.4913
16.16,-9.6612,-9.75878,92.3937
16.17,-9.6612,-9.75878,92.2961
16.18,-9.6612,-9.75878,92.1985
16.19,-9.6612,-9.75878,92.1009
16.2,-9.6612,-9.75878,92.0033
16.21,-9.6612,-9.75878,91.9057
16.22,-9.6612,-9.75878,91.8081
16.23,-9.6612,-9.75878,91.7105
16.24,-9.6612,-9.75878,91.613
16.25,-9.6612,-9.75878,91.5154
16.26,-9.6612,-9.75878,91.4178
16.27,-9.6612,-9.75878,91.3202
16.28,-9.6612,-9.75878,91.2226
16.29,-9.6612,-9.75878,91.125
16.3,-9.6612,-9.75878,91.0274
16.31,-9.6612,-9.75878,90.9298
16.32,-9.6612,-9.75878,90.8323
16.33,-9.6612,-9.75878,90.7347
16.34,-9.6612,-9.75878,90.6371
16.35,-9.6612,-9.75878,90.5395
16.36,-9.6612,-9.75878,90.4419
16.37,-9.6612,-9.75878,90.3443
16.38,-9.6612,-9.75878,90.2467
16.39,-9.6612,-9.75878,90.1491
16.4,-9.6612,-9.75878,90.0516
16.41,-9.6612,-9.75878,89.954
16.42,-9.6612,-9.75878,89.8564
16.43,-9.6612,-9.75878,89.7588
16.44,-9.6612,-9.75878,89.6612
16.45,-9.6612,-9.75878,89.5636
16.46,-9.6612,-9.75878,89.466
16.47,-9.6612,-9.75878,89.3684
16.48,-9.6612,-9.75878,89.2709
16.49,-9.6612,-9.75878,89.1733
16.5,-9.6612,-9.75878,89.0757
16.51,-9.6612,-9.75878,88.9781
16.52,-9.6612,-9.75878,88.8805
16.53,-9.6612,-9.75878,88.7829
16.54,-9.6612,-9.75878,88.6853
16.55,-9.6612,-9.75878,88.5877
16.56,-9.6612,-9.75878,88.4902
16.57,-9.6612,-9.75878,88.3926
16.58,-9.6612,-9.75878,88.295
16.59,-9.6612,-9.75878,88.1974
16.6,-9.6612,-9.75878,88.0998
16.61,-9.6612,-9.75878,88.0022
16.62,-9.6612,-9.75878,87.9046
16.63,-9.6612,-9.75878,87.807
16.64,-9.6612,-9.75878,87.7094
16.65,-9.6612,-9.75878,87.6119
16.66,-9.6612,-9.75878,87.5143
16.67,-9.6612,-9.75878,87.4167
16.68,-9.6612,-9.75878,87.3191
16.69,-9.6612,-9.75878,87.2215
16.7,-9.6612,-9.75878,87.1239
16.71,-9.6612,-9.75878,87.0263
16.72,-9.6612,-9.75878,86.9287
16.73,-9.6612,-9.75878,86.8312
16.74,-9.6612,-9.75878,86.7336
16.75,-9.6612,-9.75878,86.636
16.76,-9.6612,-9.75878,86.5384
16.77,-9.6612,-9.75878,86.4408
16.78,-9.6612,-9.75878,86.3432
16.79,-9.6612,-9.75878,86.2456
16.8,-9.6612,-9.75878,86.148
16.81,-9.6612,-9.75878,86.0505
16.82,-9.6612,-9.75878,85.9529
16.83,-9.6612,-9.75878,85.8553
16.84,-9.6612,-9.75878,85.7577
16.85,-9.6612,-9.75878,85.6601
16.86,-9.6612,-9.75878,85.5625
16.87,-9.6612,-9.75878,85.4649
16.88,-9.6612,-9.75878,85.3673
16.89,-9.6612,-9.75878,85.2698
16.9,-9.6612,-9.75878,85.1722
16.91,-9.6612,-9.75878,85.0746
16.92,-9.6612,-9.75878,84.977
16.93,-9.6612,-9.75878,84.8794
16.94,-9.6612,-9.75878,84.7818
16.95,-9.6612,-9.75878,84.6842
16.96,-9.6612,-9.75878,84.5866
16.97,-9.6612,-9.75878,84.489
16.98,-9.6612,-9.75878,84.3915
16.99,-9.6612,-9.75878,84.2939
17,-9.6612,-9.75878,84.1963
17.01,-9.6612,-9.75878,84.0987
17.02,-9.6612,-9.75878,84.0011
17.03,-9.6612,-9.75878,83.9035
17.04,-9.6612,-9.75878,83.8059
17.05,-9.6612,-9.75878,83.7083
17.06,-9.6612,-9.75878,83.6108
17.07,-9.6612,-9.75878,83.5132
17.08,-9.6612,-9.75878,83.4156
17.09,-9.6612,-9.75878,83.318
17.1,-9.6612,-9.75878,83.2204
17.11,-9.6612,-9.75878,83.1228
17.12,-9.6612,-9.75878,83.0252
17.13,-9.6612,-9.75878,82.9276
17.14,-9.6612,-9.75878,82.8301
17.15,-9.6612,-9.75878,82.7325
17.16,-9.6612,-9.75878,82.6349
17.17,-9.6612,-9.75878,82.5373
17.18,-9.6612,-9.75878,82.4397
17.19,-9.6612,-9.75878,82.3421
17.2,-9.6612,-9.75878,82.2445
17.21,-9.6612,-9.75878,82.1469
17.22,-9.6612,-9.75878,82.0494
17.23,-9.6612,-9.75878,81.9518
17.24,-9.6612,-9.75878,81.8542
17.25,-9.6612,-9.75878,81.7566
17.26,-9.6612,-9.75878,81.659
17.27,-9.6612,-9.75878,81.5614
17.28,-9.6612,-9.75878,81.4638
17.29,-9.6612,-9.75878,81.3662
17.3,-9.6612,-9.75878,81.2686
17.31,-9.6612,-9.75878,81.1711
17.32,-9.6612,-9.75878,81.0735
17.33,-9.6612,-9.75878,80.9759
17.34,-9.6612,-9.75878,80.8783
17.35,-9.6612,-9.75878,80.7807
17.36,-9.6612,-9.75878,80.6831
17.37,-9.6612,-9.75878,80.5855
17.38,-9.6612,-9.75878,80.4879
17.39,-9.6612,-9.75878,80.3904
17.4,-9.6612,-9.75878,80.2928
17.41,-9.6612,-9.75878,80.1952
17.42,-9.6612,-9.75878,80.0976
17.43,-9.6612,-9.75878,80
17.44,-9.6612,-9.75878,79.9024
17.45,-9.6612,-9.75878,79.8048
17.46,-9.6612,-9.75878,79.7072
17.47,-9.6612,-9.75878,79.6097
17.48,-9.6612,-9.75878,79.5121
17.49,-9.6612,-9.75878,79.4145
17.5,-9.6612,-9.75878,79.3169
17.51,-9.6612,-9.75878,79.2193
17.52,-9.6612,-9.75878,79.1217
17.53,-9.6612,-9.75878,79.0241
17.54,-9.6612,-9.75878,78.9265
17.55,-9.6612,-9.75878,78.829
17.56,-9.6612,-9.75878,78.7314
17.57,-9.6612,-9.75878,78.6338
17.58,-9.6612,-9.75878,78.5362
17.59,-9.6612,-9.75878,78.4386
17.6,-9.6612,-9.75878,78.341
17.61,-9.6612,-9.75878,78.2434
17.62,-9.6612,-9.75878,78.1458
17.63,-9.6612,-9.75878,78.0483
17.64,-9.6612,-9.75878,77.9507
17.65,-9.6612,-9.75878,77.8531
17.66,-9.6612,-9.75878,77.7555
17.67,-9.6612,-9.75878,77.6579
17.68,-9.6612,-9.75878,77.5603
17.69,-9.6612,-9.75878,77.4627
17.7,-9.6612,-9.75878,77.3651
17.71,-9.6612,-9.75878,77.2675
17.72,-9.6612,-9.75878,77.17
17.73,-9.6612,-9.75878,77.0724
17.74,-9.6612,-9.75878,76.9748
17.75,-9.6612,-9.75878,76.8772
17.76,-9.6612,-9.75878,76.7796
17.77,-9.6612,-9.75878,76.682
17.78,-9.6612,-9.75878,76.5844
17.79,-9.6612,-9.75878,76.4868
17.8,-9.6612,-9.75878,76.3893
17.81,-9.6612,-9.75878,76.2917
17.82,-9.6612,-9.75878,76.1941
17.83,-9.6612,-9.75878,76.0965
17.84,-9.6612,-9.75878,75.9989
17.85,-9.6612,-9.75878,75.9013
17.86,-9.6612,-9.75878,75.8037
17.87,-9.6612,-9.75878,75.7061
17.88,-9.6612,-9.75878,75.6086
17.89,-9.6612,-9.75878,75.511
17.9,-9.6612,-9.75878,75.4134
17.91,-9.6612,-9.75878,75.3158
17.92,-9.6612,-9.75878,75.2182
17.93,-9.6612,-9.75878,75.1206
17.94,-9.6612,-9.75878,75.023
17.95,-9.6612,-9.75878,74.9254
17.96,-9.6612,-9.75878,74.8279
17.97,-9.6612,-9.75878,74.7303
17.98,-9.6612,-9.75878,74.6327
17.99,-9.6612,-9.75878,74.5351
18,-9.6612,-9.75878,74.4375
18.01,-9.6612,-9.75878,74.3399
18.02,-9.6612,-9.75878,74.2423
18.03,-9.6612,-9.75878,74.1447
18.04,-9.6612,-9.75878,74.0471
18.05,-9.6612,-9.75878,73.9496
18.06,-9.6612,-9.75878,73.852
18.07,-9.6612,-9.75878,73.7544
18.08,-9.6612,-9.75878,73.6568
18.09,-9.6612,-9.75878,73.5592
18.1,-9.6612,-9.75878,73.4616
18.11,-9.6612,-9.75878,73.364
18.12,-9.6612,-9.75878,73.2664
18.13,-9.6612,-9.75878,73.1689
18.14,-9.6612,-9.75878,73.0713
18.15,-9.6612,-9.75878,72.9737
18.16,-9.6612,-9.75878,72.8761
18.17,-9.6612,-9.75878,72.7785
18.18,-9.6612,-9.75878,72.6809
18.19,-9.6612,-9.75878,72.5833
18.2,-9.6612,-9.75878,72.4857
18.21,-9.6612,-9.75878,72.3882
18.22,-9.6612,-9.75878,72.2906
18.23,-9.6612,-9.75878,72.193
18.24,-9.6612,-9.75878,72.0954
18.25,-9.6612,-9.75878,71.9978
18.26,-9.6612,-9.75878,71.9002
18.27,-9.6612,-9.75878,71.8026
18.28,-9.6612,-9.75878,71.705
18.29,-9.6612,-9.75878,71.6075
18.3,-9.6612,-9.75878,71.5099
18.31,-9.6612,-9.75878,71.4123
18.32,-9.6612,-9.75878,71.3147
18.33,-9.6612,-9.75878,71.2171
18.34,-9.6612,-9.75878,71.1195
18.35,-9.6612,-9.75878,71.0219
18.36,-9.6612,-9.75878,70.9243
18.37,-9.6612,-9.75878,70.8267
18.38,-9.6612,-9.75878,70.7292
18.39,-9.6612,-9.75878,70.6316
18.4,-9.6612,-9.75878,70.534
18.41,-9.6612,-9.75878,70.4364
18.42,-9.6612,-9.75878,70.3388
18.43,-9.6612,-9.75878,70.2412
18.44,-9.6612,-9.75878,70.1436
18.45,-9.6612,-9.75878,70.046
18.46,-9.6612,-9.75878,69.9485
18.47,-9.6612,-9.75878,69.8509
18.48,-9.6612,-9.75878,69.7533
18.49,-9.6612,-9.75878,69.6557
18.5,-9.6612,-9.75878,69.5581
18.51,-9.6612,-9.75878,69.4605
18.52,-9.6612,-9.75878,69.3629
18.53,-9.6612,-9.75878,69.2653
18.54,-9.6612,-9.75878,69.1678
18.55,-9.6612,-9.75878,69.0702
18.56,-9.6612,-9.75878,68.9726
18.57,-9.6612,-9.75878,68.875
18.58,-9.6612,-9.75878,68.7774
18.59,-9.6612,-9.75878,68.6798
18.6,-9.6612,-9.75878,68.5822
18.61,-9.6612,-9.75878,68.4846
18.62,-9.6612,-9.75878,68.3871
18.63,-9.6612,-9.75878,68.2895
18.64,-9.6612,-9.75878,68.1919
18.65,-9.6612,-9.75878,68.0943
18.66,-9.6612,-9.75878,67.9967
18.67,-9.6612,-9.75878,67.8991
18.68,-9.6612,-9.75878,67.8015
18.69,-9.6612,-9.75878,67.7039
18.7,-9.6612,-9.75878,67.6064
18.71,-9.6612,-9.75878,67.5088
18.72,-9.6612,-9.75878,67.4112
18.73,-9.6612,-9.75878,67.3136
18.74,-9.6612,-9.75878,67.216
18.75,-9.6612,-9.75878,67.1184
18.76,-9.6612,-9.75878,67.0208
18.77,-9.6612,-9.75878,66.9232
18.78,-9.6612,-9.75878,66.8256
18.79,-9.6612,-9.75878,66.7281
18.8,-9.6612,-9.75878,66.6305
18.81,-9.6612,-9.75878,66.5329
18.82,-9.6612,-9.75878,66.4353
18.83,-9.6612,-9.75878,66.3377
18.84,-9.6612,-9.75878,66.2401
18.85,-9.6612,-9.75878,66.1425
18.86,-9.6612,-9.75878,66.0449
18.87,-9.6612,-9.75878,65.9474
18.88,-9.6612,-9.75878,65.8498
18.89,-9.6612,-9.75878,65.7522
18.9,-9.6612,-9.75878,65.6546
18.91,-9.6612,-9.75878,65.557
18.92,-9.6612,-9.75878,65.4594
18.93,-9.6612,-9.75878,65.3618
18.94,-9.6612,-9.75878,65.2642
18.95,-9.6612,-9.75878,65.1667
18.96,-9.6612,-9.75878,65.0691
18.97,-9.6612,-9.75878,64.9715
18.98,-9.6612,-9.75878,64.8739
18.99,-9.6612,-9.75878,64.7763
19,-9.6612,-9.75878,64.6787
19.01,-9.6612,-9.75878,64.5811
19.02,-9.6612,-9.75878,64.4835
19.03,-9.6612,-9.75878,64.386
19.04,-9.6612,-9.75878,64.2884
19.05,-9.6612,-9.75878,64.1908
19.06,-9.6612,-9.75878,64.0932
19.07,-9.6612,-9.75878,63.9956
19.08,-9.6612,-9.75878,63.898
19.09,-9.6612,-9.75878,63.8004
19.1,-9.6612,-9.75878,63.7028
19.11,-9.6612,-9.75878,63.6052
19.12,-9.6612,-9.75878,63.5077
19.13,-9.6612,-9.75878,63.4101
19.14,-9.6612,-9.75878,63.3125
19.15,-9.6612,-9.75878,63.2149
19.16,-9.6612,-9.75878,63.1173
19.17,-9.6612,-9.75878,63.0197
19.18,-9.6612,-9.75878,62.9221
19.19,-9.6612,-9.75878,62.8245
19.2,-9.6612,-9.75878,62.727
19.21,-9.6612,-9.75878,62.6294
19.22,-9.6612,-9.75878,62.5318
19.23,-9.6612,-9.75878,62.4342
19.24,-9.6612,-9.75878,62.3366
19.25,-9.6612,-9.75878,62.239
19.26,-9.6612,-9.75878,62.1414
19.27,-9.6612,-9.75878,62.0438
19.28,-9.6612,-9.75878,61.9463
19.29,-9.6612,-9.75878,61.8487
19.3,-9.6612,-9.75878,61.7511
19.31,-9.6612,-9.75878,61.6535
19.32,-9.6612,-9.75878,61.5559
19.33,-9.6612,-9.75878,61.4583
19.34,-9.6612,-9.75878,61.3607
19.35,-9.6612,-9.75878,61.2631
19.36,-9.6612,-9.75878,61.1656
19.37,-9.6612,-9.75878,61.068
19.38,-9.6612,-9.75878,60.9704
19.39,-9.6612,-9.75878,60.8728
19.4,-9.6612,-9.75878,60.7752
19.41,-9.6612,-9.75878,60.6776
19.42,-9.6612,-9.75878,60.58
19.43,-9.6612,-9.75878,60.4824
19.44,-9.6612,-9.75878,60.3848
19.45,-9.6612,-9.75878,60.2873
19.46,-9.6612,-9.75878,60.1897
19.47,-9.6612,-9.75878,60.0921
19.48,-9.6612,-9.75878,59.9945
19.49,-9.6612,-9.75878,59.8969
19.5,-9.6612,-9.75878,59.7993
19.51,-9.6612,-9.75878,59.7017
19.52,-9.6612,-9.75878,59.6041
19.53,-9.6612,-9.75878,59.5066
19.54,-9.6612,-9.75878,59.409
19.55,-9.6612,-9.75878,59.3114
19.56,-9.6612,-9.75878,59.2138
19.57,-9.6612,-9.75878,59.1162
19.58,-9.6612,-9.75878,59.0186
19.59,-9.6612,-9.75878,58.921
19.6,-9.6612,-9.75878,58.8234
19.61,-9.6612,-9.75878,58.7259
19.62,-9.6612,-9.75878,58.6283
19.63,-9.6612,-9.75878,58.5307
19.64,-9.6612,-9.75878,58.4331
19.65,-9.6612,-9.75878,58.3355
19.66,-9.6612,-9.75878,58.2379
19.67,-9.6612,-9.75878,58.1403
19.68,-9.6612,-9.75878,58.0427
19.69,-9.6612,-9.75878,57.9452
19.7,-9.6612,-9.75878,57.8476
19.71,-9.6612,-9.75878,57.75
19.72,-9.6612,-9.75878,57.6524
19.73,-9.6612,-9.75878,57.5548
19.74,-9.6612,-9.75878,57.4572
19.75,-9.6612,-9.75878,57.3596
19.76,-9.6612,-9.75878,57.262
19.77,-9.6612,-9.75878,57.1645
19.78,-9.6612,-9.75878,57.0669
19.79,-9.6612,-9.75878,56.9693
19.8,-9.6612,-9.75878,56.8717
19.81,-9.6612,-9.75878,56.7741
19.82,-9.6612,-9.75878,56.6765
19.83,-9.6612,-9.75878,56.5789
19.84,-9.6612,-9.75878,56.4813
19.85,-9.6612,-9.75878,56.3837
19.86,-9.6612,-9.75878,56.2862
19.87,-9.6612,-9.75878,56.1886
19.88,-9.6612,-9.75878,56.091
19.89,-9.6612,-9.75878,55.9934
19.9,-9.6612,-9.75878,55.8958
19.91,-9.6612,-9.75878,55.7982
19.92,-9.6612,-9.75878,55.7006
19.93,-9.6612,-9.75878,55.603
19.94,-9.6612,-9.75878,55.5055
19.95,-9.6612,-9.75878,55.4079
19.96,-9.6612,-9.75878,55.3103
19.97,-9.6612,-9.75878,55.2127
19.98,-9.6612,-9.75878,55.1151
19.99,-9.6612,-9.75878,55.0175
20,-9.6612,-9.75878,54.9199
